[
  {
    "accountId": 2,
    "name": "x",
    "content": "USA PREMIUM CALLER ID SPOOFING SERVICE \n━━━━━━━━━━━━━━━━━━━\n-> USA IVR CLI & MANUAL CLI SPOOFING\n->ALL CALLER ID PASS GUARANTEED\n->CHEAP RATES | GREAT UPTIME\n-> AUTO TOP-UP | CRYPTO ACCEPTED\n-> 24/7 DEDICATED SUPPORT \n━━━━━━━━━━━━━━━━━━━\nFREE DEMO AVAILABLE!\n━━━━━━━━━━━━━━━━━━━\nREACH US:\n->Website: www.1337global.sbs\n-> Telegram Bot: @telecomcall1337_bot\n-> WhatsApp: +1 581 386 6885\n-> Contact: @telecomglobal1337\n-> Channel: @telecomglobal1337channel\n->VoIP Group: @globalvoipdialers2026\n\n REGISTER NOW & GET STARTED!",
    "id": 1,
    "usageCount": 1,
    "createdAt": "2026-01-27T21:26:39.265Z",
    "lastUsed": "2026-01-27T21:26:41.604Z"
  }
]