[
  {
    "accountId": 1,
    "groupLink": "https://t.me/usavoipservice",
    "groupName": "💳MARK PROCESSING AND BLOCKING💳",
    "memberCount": 0,
    "joinedAt": "2026-01-27T20:32:12.213Z",
    "messageCount": 0,
    "status": "active",
    "id": 1
  },
  {
    "accountId": 1,
    "groupLink": "https://t.me/callcenterproject",
    "groupName": "Call Center _ BPO _ Tech Support _ Calls and Data Provider",
    "memberCount": 0,
    "joinedAt": "2026-01-27T20:32:12.215Z",
    "messageCount": 0,
    "status": "active",
    "id": 2
  },
  {
    "accountId": 1,
    "groupLink": "https://t.me/Forex_Gambling",
    "groupName": "Voip Caller Forex Gambling Crypto",
    "memberCount": 0,
    "joinedAt": "2026-01-27T20:32:12.217Z",
    "messageCount": 0,
    "status": "active",
    "id": 3
  },
  {
    "accountId": 1,
    "groupLink": "https://t.me/voipgroupwebshellcalling",
    "groupName": "Voip group/ webshell/ marketplace calling",
    "memberCount": 0,
    "joinedAt": "2026-01-27T20:32:12.218Z",
    "messageCount": 0,
    "status": "active",
    "id": 4
  },
  {
    "accountId": 1,
    "groupLink": "https://t.me/VoipSip_Routes",
    "groupName": "VoIP Sip Telephony",
    "memberCount": 0,
    "joinedAt": "2026-01-27T20:32:12.220Z",
    "messageCount": 0,
    "status": "active",
    "id": 5
  },
  {
    "accountId": 1,
    "groupLink": "https://t.me/spoofing_routes_marketplace",
    "groupName": "Spoofing Routes Marketplace Voip Wholesale Termination Magnus Support Asterisk Pbx",
    "memberCount": 0,
    "joinedAt": "2026-01-27T20:32:12.221Z",
    "messageCount": 0,
    "status": "active",
    "id": 6
  },
  {
    "accountId": 1,
    "groupLink": "https://t.me/VoipCpAMarketing",
    "groupName": "Voip CpA Marketing",
    "memberCount": 0,
    "joinedAt": "2026-01-27T20:32:12.222Z",
    "messageCount": 0,
    "status": "active",
    "id": 7
  },
  {
    "accountId": 1,
    "groupLink": "https://t.me/TECH_SUPPORT_DIALER",
    "groupName": "TeCh SupPort [ DelHi & KoLkatA ]",
    "memberCount": 0,
    "joinedAt": "2026-01-27T20:32:12.224Z",
    "messageCount": 0,
    "status": "active",
    "id": 8
  },
  {
    "accountId": 1,
    "groupLink": "https://t.me/Usa_Uk_France_Inbound",
    "groupName": "💥Inbound & Outbound (BE / USA / AUS / Uk) 💥",
    "memberCount": 0,
    "joinedAt": "2026-01-27T20:32:12.225Z",
    "messageCount": 0,
    "status": "active",
    "id": 9
  },
  {
    "accountId": 1,
    "groupLink": "https://t.me/voipchat",
    "groupName": "VoIP Chat For IT Professionals",
    "memberCount": 0,
    "joinedAt": "2026-01-27T20:32:12.226Z",
    "messageCount": 0,
    "status": "active",
    "id": 10
  },
  {
    "accountId": 1,
    "groupLink": "https://t.me/voiproutecc",
    "groupName": "VOIP ROUTES SIP TUNKS MALL 全球语音线路SHARE",
    "memberCount": 0,
    "joinedAt": "2026-01-27T20:32:12.228Z",
    "messageCount": 0,
    "status": "active",
    "id": 11
  },
  {
    "accountId": 1,
    "groupLink": "https://t.me/raycorporations",
    "groupName": "𝙑𝙤𝙄𝙋 𝙎𝙚𝙧𝙫𝙞𝙘𝙚 𝙋𝙧𝙤𝙫𝙞𝙙𝙚𝙧𝙨",
    "memberCount": 0,
    "joinedAt": "2026-01-27T20:32:12.229Z",
    "messageCount": 0,
    "status": "active",
    "id": 12
  },
  {
    "accountId": 1,
    "groupLink": "https://t.me/voipglobla",
    "groupName": "Voip global marketing group",
    "memberCount": 0,
    "joinedAt": "2026-01-27T20:32:12.230Z",
    "messageCount": 0,
    "status": "active",
    "id": 13
  },
  {
    "accountId": 1,
    "groupLink": "https://t.me/VoipRouteBuysell",
    "groupName": "Voip Route Buy sell",
    "memberCount": 0,
    "joinedAt": "2026-01-27T20:32:12.232Z",
    "messageCount": 0,
    "status": "active",
    "id": 14
  },
  {
    "accountId": 1,
    "groupLink": "https://t.me/smssenderidcallspofingitellbulks",
    "groupName": "SMSSENDERID-SPOOFING-CALLSPOOFING-SMSBULK",
    "memberCount": 0,
    "joinedAt": "2026-01-27T20:32:12.233Z",
    "messageCount": 0,
    "status": "active",
    "id": 15
  },
  {
    "accountId": 1,
    "groupLink": "https://t.me/BulkSMSMarketing66",
    "groupName": "Worldwide Bulk SMS Marketing|OTP|VOIP Service",
    "memberCount": 0,
    "joinedAt": "2026-01-27T20:32:12.234Z",
    "messageCount": 0,
    "status": "active",
    "id": 16
  },
  {
    "accountId": 1,
    "groupLink": "https://t.me/caller_chat",
    "groupName": "IP-Telephony, Caller ID, SMS",
    "memberCount": 0,
    "joinedAt": "2026-01-27T20:32:12.236Z",
    "messageCount": 0,
    "status": "active",
    "id": 17
  },
  {
    "accountId": 1,
    "groupLink": "https://t.me/voip_2020",
    "groupName": "VoIP GSM termination traffic ☎️",
    "memberCount": 0,
    "joinedAt": "2026-01-27T20:32:12.237Z",
    "messageCount": 0,
    "status": "active",
    "id": 18
  },
  {
    "accountId": 1,
    "groupLink": "https://t.me/allaworldvoipproviders",
    "groupName": "ALL WORLD VOIP PROVIDERS",
    "memberCount": 0,
    "joinedAt": "2026-01-27T20:32:12.239Z",
    "messageCount": 0,
    "status": "active",
    "id": 19
  },
  {
    "accountId": 1,
    "groupLink": "https://t.me/spoofingroutes",
    "groupName": "Caller ID Spoofing, Wholesale VoIP Termination, Sip trunk, Did numbers, VoIP Marketplace",
    "memberCount": 0,
    "joinedAt": "2026-01-27T20:32:12.240Z",
    "messageCount": 0,
    "status": "active",
    "id": 20
  },
  {
    "accountId": 1,
    "groupLink": "https://t.me/voibuyselldataleads_market",
    "groupName": "VOIP Hub☎️",
    "memberCount": 0,
    "joinedAt": "2026-01-27T20:32:12.242Z",
    "messageCount": 0,
    "status": "active",
    "id": 21
  },
  {
    "accountId": 1,
    "groupLink": "https://t.me/SHETHCALLSESIM",
    "groupName": "SHETH PUSH/PPC CALLS & PROCESSING 💸 SHETH 推送/PPC 呼叫和处理",
    "memberCount": 0,
    "joinedAt": "2026-01-27T20:32:12.243Z",
    "messageCount": 0,
    "status": "active",
    "id": 22
  },
  {
    "accountId": 1,
    "groupLink": "https://t.me/canada_phone_email_sms_Whatsapp",
    "groupName": "Canada 🇨🇦🍁 Phone / Email / WhatsApp/ Voip / Sms",
    "memberCount": 0,
    "joinedAt": "2026-01-27T20:32:12.244Z",
    "messageCount": 0,
    "status": "active",
    "id": 23
  },
  {
    "accountId": 1,
    "groupLink": "https://t.me/Germany_email_phone_sms",
    "groupName": "Germany 🇩🇪 Email / Phone / Sms / Voip",
    "memberCount": 0,
    "joinedAt": "2026-01-27T20:32:12.246Z",
    "messageCount": 0,
    "status": "active",
    "id": 24
  },
  {
    "accountId": 1,
    "groupLink": "https://t.me/voipn",
    "groupName": "شات دلوان للدردشه",
    "memberCount": 0,
    "joinedAt": "2026-01-27T20:32:12.247Z",
    "messageCount": 0,
    "status": "active",
    "id": 25
  },
  {
    "accountId": 1,
    "groupLink": "https://t.me/telephony_services",
    "groupName": "IP Telephony ( Voip Route Services )",
    "memberCount": 0,
    "joinedAt": "2026-01-27T20:32:12.249Z",
    "messageCount": 0,
    "status": "active",
    "id": 26
  },
  {
    "accountId": 1,
    "groupLink": "https://t.me/voiprouteMall",
    "groupName": "VOIP ROUTES SIP TUNKS MALL 02 全球语音线路SHARE",
    "memberCount": 0,
    "joinedAt": "2026-01-27T20:32:12.250Z",
    "messageCount": 0,
    "status": "active",
    "id": 27
  },
  {
    "accountId": 1,
    "groupLink": "https://t.me/payday_loan_us",
    "groupName": "Payday Loans and USA Popup Calls",
    "memberCount": 0,
    "joinedAt": "2026-01-27T20:32:12.251Z",
    "messageCount": 0,
    "status": "active",
    "id": 28
  },
  {
    "accountId": 1,
    "groupLink": "https://t.me/VoipSipProvider",
    "groupName": "Sip VoIP Provider",
    "memberCount": 0,
    "joinedAt": "2026-01-27T20:32:12.253Z",
    "messageCount": 0,
    "status": "active",
    "id": 29
  },
  {
    "accountId": 1,
    "groupLink": "https://t.me/VoipRoutes_MultiSip",
    "groupName": "VoIP Routes MultiSip",
    "memberCount": 0,
    "joinedAt": "2026-01-27T20:32:12.254Z",
    "messageCount": 0,
    "status": "active",
    "id": 30
  },
  {
    "accountId": 1,
    "groupLink": "https://t.me/volpcaals",
    "groupName": "Bulk Sms, Sip trunk, Spoofing call, Voip routes, Buy and Sell",
    "memberCount": 0,
    "joinedAt": "2026-01-27T20:32:12.255Z",
    "messageCount": 0,
    "status": "active",
    "id": 31
  },
  {
    "accountId": 1,
    "groupLink": "https://t.me/jerrisclud",
    "groupName": "Bulk Sms marketing | Voip, Sip Trunk , Spoofing | Twillio, Telnyx, Plivo",
    "memberCount": 0,
    "joinedAt": "2026-01-27T20:32:12.257Z",
    "messageCount": 0,
    "status": "active",
    "id": 32
  },
  {
    "accountId": 1,
    "groupLink": "https://t.me/voipmarketplace",
    "groupName": "VOIP marketplace",
    "memberCount": 0,
    "joinedAt": "2026-01-27T20:32:12.258Z",
    "messageCount": 0,
    "status": "active",
    "id": 33
  },
  {
    "accountId": 1,
    "groupLink": "https://t.me/voip_sip_tower",
    "groupName": "IP TELEPHONY Tower Chat [ forum | voip | sip| sms | cli | did | routes ]",
    "memberCount": 0,
    "joinedAt": "2026-01-27T20:32:12.260Z",
    "messageCount": 0,
    "status": "active",
    "id": 34
  },
  {
    "accountId": 1,
    "groupLink": "https://t.me/VoipSip_Telephony",
    "groupName": "MultiSip Telephony Provider",
    "memberCount": 0,
    "joinedAt": "2026-01-27T20:32:12.262Z",
    "messageCount": 0,
    "status": "active",
    "id": 35
  },
  {
    "accountId": 1,
    "groupLink": "https://t.me/globalvoip_route",
    "groupName": "Global Voip Route 🌎🚦",
    "memberCount": 0,
    "joinedAt": "2026-01-27T20:32:12.264Z",
    "messageCount": 0,
    "status": "active",
    "id": 36
  },
  {
    "accountId": 1,
    "groupLink": "https://t.me/voipproviders",
    "groupName": "VoIP Provider",
    "memberCount": 0,
    "joinedAt": "2026-01-27T20:32:12.266Z",
    "messageCount": 0,
    "status": "active",
    "id": 37
  },
  {
    "accountId": 1,
    "groupLink": "https://t.me/usavoiproute",
    "groupName": "Expendables Voip",
    "memberCount": 0,
    "joinedAt": "2026-01-27T20:32:12.267Z",
    "messageCount": 0,
    "status": "active",
    "id": 38
  },
  {
    "accountId": 1,
    "groupLink": "https://t.me/accountwillotelnyx",
    "groupName": "VoIP bulk sms twillo telynx Vonage account",
    "memberCount": 0,
    "joinedAt": "2026-01-27T20:32:12.269Z",
    "messageCount": 0,
    "status": "active",
    "id": 39
  },
  {
    "accountId": 1,
    "groupLink": "https://t.me/voip_siptelephony",
    "groupName": "Telephony Provider VoIP",
    "memberCount": 0,
    "joinedAt": "2026-01-27T20:32:12.270Z",
    "messageCount": 0,
    "status": "active",
    "id": 40
  },
  {
    "accountId": 1,
    "groupLink": "https://t.me/UsaSpoofingcall",
    "groupName": "USA Spoofing Call, Inbound Call, Outbound call, Sip Trunk, DiD number, 3CX, Caller ID, SMS route, Twilio, Telynx, IVR Setup",
    "memberCount": 0,
    "joinedAt": "2026-01-27T20:32:12.277Z",
    "messageCount": 0,
    "status": "active",
    "id": 41
  },
  {
    "accountId": 1,
    "groupLink": "https://t.me/voipsipcoll",
    "groupName": "Voip SIP Coll",
    "memberCount": 0,
    "joinedAt": "2026-01-27T20:32:12.279Z",
    "messageCount": 0,
    "status": "active",
    "id": 42
  },
  {
    "accountId": 1,
    "groupLink": "https://t.me/MagnusbillingInternational",
    "groupName": "Magnus Billing International",
    "memberCount": 0,
    "joinedAt": "2026-01-27T20:32:12.280Z",
    "messageCount": 0,
    "status": "active",
    "id": 43
  },
  {
    "accountId": 1,
    "groupLink": "https://t.me/VoipSpoofingRoutes",
    "groupName": "Caller ID Spoofing, Wholesale VoIP Termination, Sip trunk, Did numbers, VoIP Marketplace",
    "memberCount": 0,
    "joinedAt": "2026-01-27T20:32:12.282Z",
    "messageCount": 0,
    "status": "active",
    "id": 44
  },
  {
    "accountId": 1,
    "groupLink": "https://t.me/VoIPmarketplacefortwillo",
    "groupName": "VOIProute/SIP Trunk/DID",
    "memberCount": 0,
    "joinedAt": "2026-01-27T20:32:12.283Z",
    "messageCount": 0,
    "status": "active",
    "id": 45
  },
  {
    "accountId": 1,
    "groupLink": "https://t.me/Bulksms07",
    "groupName": "BULK SMS Marketing| GLOBE 🌐💬",
    "memberCount": 0,
    "joinedAt": "2026-01-27T20:32:12.285Z",
    "messageCount": 0,
    "status": "active",
    "id": 46
  },
  {
    "accountId": 1,
    "groupLink": "https://t.me/didnumbersvoiproutes",
    "groupName": "DID NUMBER ALL COUNTRIES I VOIP ROUTES l SPOOFING CALL",
    "memberCount": 0,
    "joinedAt": "2026-01-27T20:32:12.286Z",
    "messageCount": 0,
    "status": "active",
    "id": 47
  },
  {
    "accountId": 1,
    "groupLink": "https://t.me/voipsiptelephony",
    "groupName": "Telephony Routes VoIP",
    "memberCount": 0,
    "joinedAt": "2026-01-27T20:32:12.288Z",
    "messageCount": 0,
    "status": "active",
    "id": 48
  },
  {
    "accountId": 1,
    "groupLink": "https://t.me/tollfreevoip",
    "groupName": "Toll Free, Voip and Dialer",
    "memberCount": 0,
    "joinedAt": "2026-01-27T20:32:12.289Z",
    "messageCount": 0,
    "status": "active",
    "id": 49
  },
  {
    "accountId": 1,
    "groupLink": "https://t.me/sip_voip_tower",
    "groupName": "VoipTower IP - ТЕЛЕФОНИЯ Chat",
    "memberCount": 0,
    "joinedAt": "2026-01-27T20:32:12.291Z",
    "messageCount": 0,
    "status": "active",
    "id": 50
  },
  {
    "accountId": 1,
    "groupLink": "https://t.me/usaspoofing",
    "groupName": "Usa spoof calling group VOIP",
    "memberCount": 0,
    "joinedAt": "2026-01-27T20:32:12.292Z",
    "messageCount": 0,
    "status": "active",
    "id": 51
  },
  {
    "accountId": 1,
    "groupLink": "https://t.me/trunkROUTES1",
    "groupName": "VoIP Sip Tower",
    "memberCount": 0,
    "joinedAt": "2026-01-27T20:32:12.294Z",
    "messageCount": 0,
    "status": "active",
    "id": 52
  },
  {
    "accountId": 1,
    "groupLink": "https://t.me/TrunkRoutes",
    "groupName": "Routes Telephonia VoIP",
    "memberCount": 0,
    "joinedAt": "2026-01-27T20:32:12.295Z",
    "messageCount": 0,
    "status": "active",
    "id": 53
  },
  {
    "accountId": 1,
    "groupLink": "https://t.me/RoutesVoIP90",
    "groupName": "Телефония VoIP Sip",
    "memberCount": 0,
    "joinedAt": "2026-01-27T20:32:12.297Z",
    "messageCount": 0,
    "status": "active",
    "id": 54
  },
  {
    "accountId": 1,
    "groupLink": "https://t.me/voiproutes",
    "groupName": "VoIP routes marketplace",
    "memberCount": 0,
    "joinedAt": "2026-01-27T20:32:12.298Z",
    "messageCount": 0,
    "status": "active",
    "id": 55
  },
  {
    "accountId": 1,
    "groupLink": "https://t.me/siptrunkcallcentersetup",
    "groupName": "3cx configuration sip trunk & voip call call center",
    "memberCount": 0,
    "joinedAt": "2026-01-27T20:32:12.299Z",
    "messageCount": 0,
    "status": "active",
    "id": 56
  },
  {
    "accountId": 1,
    "groupLink": "https://t.me/SipTrunk_SpoofingCalling",
    "groupName": "Call Spoofing, DID Number, Inbound Call, Outbound Call, USA CLI, VoIP, Xlite, Sip Trunk, Twilio Ivr",
    "memberCount": 0,
    "joinedAt": "2026-01-27T20:32:12.301Z",
    "messageCount": 0,
    "status": "active",
    "id": 57
  },
  {
    "accountId": 1,
    "groupLink": "https://t.me/temcypro",
    "groupName": "3CX|ASTERISK|RingCentral|VoIP",
    "memberCount": 0,
    "joinedAt": "2026-01-27T20:32:12.302Z",
    "messageCount": 0,
    "status": "active",
    "id": 58
  },
  {
    "accountId": 1,
    "groupLink": "https://t.me/Voipspoofingz",
    "groupName": "Sip trunk,Twilio,DiD Number,Caller ID, Usa Spoofing, Outbound Call, SMS Route,IVR,3cx,VoIP, ,TFN chat",
    "memberCount": 0,
    "joinedAt": "2026-01-27T20:32:12.304Z",
    "messageCount": 0,
    "status": "active",
    "id": 59
  },
  {
    "accountId": 1,
    "groupLink": "https://t.me/voipanddialer",
    "groupName": "Voip & Dialer",
    "memberCount": 0,
    "joinedAt": "2026-01-27T20:32:12.306Z",
    "messageCount": 0,
    "status": "active",
    "id": 60
  },
  {
    "accountId": 1,
    "groupLink": "https://t.me/Voip_SipTrunk",
    "groupName": "Provider VoIP Telephony",
    "memberCount": 0,
    "joinedAt": "2026-01-27T20:32:12.307Z",
    "messageCount": 0,
    "status": "active",
    "id": 61
  },
  {
    "accountId": 1,
    "groupLink": "https://t.me/VoIPRoutesMarketplace",
    "groupName": "VoIP Routes Marketplace – Buy & Sell Wholesale VoIP Termination",
    "memberCount": 0,
    "joinedAt": "2026-01-27T20:32:12.308Z",
    "messageCount": 0,
    "status": "active",
    "id": 62
  },
  {
    "accountId": 1,
    "groupLink": "https://t.me/SMSVERIFICATIONUSA",
    "groupName": "USAVERIFICATION",
    "memberCount": 0,
    "joinedAt": "2026-01-27T20:32:12.310Z",
    "messageCount": 0,
    "status": "active",
    "id": 63
  },
  {
    "accountId": 1,
    "groupLink": "https://t.me/magnusbillingsolution",
    "groupName": "Magnus Billing EN",
    "memberCount": 0,
    "joinedAt": "2026-01-27T20:32:12.311Z",
    "messageCount": 0,
    "status": "active",
    "id": 64
  },
  {
    "accountId": 1,
    "groupLink": "https://t.me/voipbusinessglobal",
    "groupName": "VoIP Business Global | VoIP, Bulk SMS, Email Service",
    "memberCount": 0,
    "joinedAt": "2026-01-27T20:32:12.312Z",
    "messageCount": 0,
    "status": "active",
    "id": 65
  },
  {
    "accountId": 1,
    "groupLink": "https://t.me/siptrunkvoip",
    "groupName": "VoIP Routes Forum",
    "memberCount": 0,
    "joinedAt": "2026-01-27T20:32:12.314Z",
    "messageCount": 0,
    "status": "active",
    "id": 66
  },
  {
    "accountId": 1,
    "groupLink": "https://t.me/internationalchatting_best_group",
    "groupName": "The International Lounge || From All Over The World",
    "memberCount": 0,
    "joinedAt": "2026-01-27T20:32:12.315Z",
    "messageCount": 0,
    "status": "active",
    "id": 67
  },
  {
    "accountId": 1,
    "groupLink": "https://t.me/voip_business_solutions",
    "groupName": "🅅🄾🄸🄿 🄿🅁🄾🅅🄸🄳🄴🅁🅂,🅂🄿🄾🄾🄵🄸🄽🄶 🄲🄻🄸, 🄵🅁🄴🄴 🄿🄱🅇 🅂🄸🄿, 🄶🅂🄼 🄶🄰🅃🄴,🅂🄼🅂 🄶🄰🅃🄴 🄼🄰🄶🄽🅄🅂",
    "memberCount": 0,
    "joinedAt": "2026-01-27T20:32:12.317Z",
    "messageCount": 0,
    "status": "active",
    "id": 68
  },
  {
    "accountId": 1,
    "groupLink": "https://t.me/VOIPRouteSIP",
    "groupName": "VOIP Route | SIP | Trunks",
    "memberCount": 0,
    "joinedAt": "2026-01-27T20:32:12.318Z",
    "messageCount": 0,
    "status": "active",
    "id": 69
  },
  {
    "accountId": 1,
    "groupLink": "https://t.me/voipterminationorigination",
    "groupName": "{VTOR} Voip Termination Origination Retail",
    "memberCount": 0,
    "joinedAt": "2026-01-27T20:32:12.319Z",
    "messageCount": 0,
    "status": "active",
    "id": 70
  },
  {
    "accountId": 1,
    "groupLink": "https://t.me/bulksmsfo",
    "groupName": "nternational SMS&Voip Services",
    "memberCount": 0,
    "joinedAt": "2026-01-27T20:32:12.320Z",
    "messageCount": 0,
    "status": "active",
    "id": 71
  },
  {
    "accountId": 1,
    "groupLink": "https://t.me/globalvoipdialers2026",
    "groupName": "GLOBAL VOIP DIALERS",
    "memberCount": 0,
    "joinedAt": "2026-01-27T20:32:12.322Z",
    "messageCount": 0,
    "status": "active",
    "id": 72
  },
  {
    "accountId": 1,
    "groupLink": "https://t.me/magnusbillingusa",
    "groupName": "MagnusBilling USA",
    "memberCount": 0,
    "joinedAt": "2026-01-27T20:32:12.324Z",
    "messageCount": 0,
    "status": "active",
    "id": 73
  },
  {
    "accountId": 1,
    "groupLink": "https://t.me/bulk_sms_sender_api",
    "groupName": "SPAM & BULK SMS SENDER GATEWAY",
    "memberCount": 0,
    "joinedAt": "2026-01-27T20:32:12.325Z",
    "messageCount": 0,
    "status": "active",
    "id": 74
  },
  {
    "accountId": 1,
    "groupLink": "https://t.me/ipeHt5o05WA0NTJk",
    "groupName": "Voice over egypt1🎙",
    "memberCount": 0,
    "joinedAt": "2026-01-27T20:32:12.327Z",
    "messageCount": 0,
    "status": "active",
    "id": 75
  },
  {
    "accountId": 1,
    "groupLink": "https://t.me/didtfndeals",
    "groupName": "📞 DIDs & TFNs Deals",
    "memberCount": 0,
    "joinedAt": "2026-01-27T20:32:12.328Z",
    "messageCount": 0,
    "status": "active",
    "id": 76
  },
  {
    "accountId": 1,
    "groupLink": "https://t.me/voipsipworldwide",
    "groupName": "CloudComm Hub SIP & SMS Masters",
    "memberCount": 0,
    "joinedAt": "2026-01-27T20:32:12.329Z",
    "messageCount": 0,
    "status": "active",
    "id": 77
  },
  {
    "accountId": 1,
    "groupLink": "https://t.me/Ifx_group_technology_vector",
    "groupName": "IFX. (PSP-CC/ Leads/ Banking/ Incorporation) Solutions",
    "memberCount": 0,
    "joinedAt": "2026-01-27T20:32:12.331Z",
    "messageCount": 0,
    "status": "active",
    "id": 78
  },
  {
    "accountId": 1,
    "groupLink": "https://t.me/level2telynx",
    "groupName": "Twilio Upgraded, #WhatsappBulkSms #Call centre setup #3cx #Caller Id spoofing #Siptrunking #didww, Direct Cli Routes, #magictel,",
    "memberCount": 0,
    "joinedAt": "2026-01-27T20:32:12.332Z",
    "messageCount": 0,
    "status": "active",
    "id": 79
  },
  {
    "accountId": 1,
    "groupLink": "https://t.me/VoIPGlobalDID_3XCalls_VoIPSIP",
    "groupName": "GlobalDID_Numbers, 3X Calls, VoIP,DID numbers, Sip trunking_Twillio, Tenlynx_Didlogic_Didww etc.....",
    "memberCount": 0,
    "joinedAt": "2026-01-27T20:32:12.334Z",
    "messageCount": 0,
    "status": "active",
    "id": 80
  },
  {
    "accountId": 1,
    "groupLink": "https://t.me/spoofingcallsid",
    "groupName": "VoIP spoofing 3cx caller🆔 🏵💬",
    "memberCount": 0,
    "joinedAt": "2026-01-27T20:32:12.335Z",
    "messageCount": 0,
    "status": "active",
    "id": 81
  },
  {
    "accountId": 1,
    "groupLink": "https://t.me/apexfree",
    "groupName": "ApexFree -Добротворение🌐 💬 📍📝",
    "memberCount": 0,
    "joinedAt": "2026-01-27T20:32:12.337Z",
    "messageCount": 0,
    "status": "active",
    "id": 82
  },
  {
    "accountId": 1,
    "groupLink": "https://t.me/SySAD",
    "groupName": "Системный администратор - Сетевые технологии - Компьютерная помощь",
    "memberCount": 0,
    "joinedAt": "2026-01-27T20:32:12.338Z",
    "messageCount": 0,
    "status": "active",
    "id": 83
  },
  {
    "accountId": 1,
    "groupLink": "https://t.me/voipfinance",
    "groupName": "VOIP FINANCE",
    "memberCount": 0,
    "joinedAt": "2026-01-27T20:32:12.340Z",
    "messageCount": 0,
    "status": "active",
    "id": 84
  },
  {
    "accountId": 1,
    "groupLink": "https://t.me/Siptrunkspoofingcallvoipcall",
    "groupName": "VoIP, 3cx, USA Spoofing Call, Call Centre Set up, DiD number, Sip Trunk, Auto dialer, Bulk SMS, Outbound call, IVR",
    "memberCount": 0,
    "joinedAt": "2026-01-27T20:32:12.341Z",
    "messageCount": 0,
    "status": "active",
    "id": 85
  },
  {
    "accountId": 1,
    "groupLink": "https://t.me/twiliotelnyxsms",
    "groupName": "DID NUMBER | SIP TRUNK | VOIP | Twilio | Telnyx | Vonage | DIDWW | SMS Marketing Accounts Providers",
    "memberCount": 0,
    "joinedAt": "2026-01-27T20:32:12.343Z",
    "messageCount": 0,
    "status": "active",
    "id": 86
  },
  {
    "accountId": 1,
    "groupLink": "https://t.me/WANT3Dhighrisk",
    "groupName": "WANTƎD FX iGaming Marketing",
    "memberCount": 0,
    "joinedAt": "2026-01-27T20:32:12.345Z",
    "messageCount": 0,
    "status": "active",
    "id": 87
  },
  {
    "accountId": 1,
    "groupLink": "https://t.me/Sipdirectgrowthplan",
    "groupName": "Sip Direct Growth Plan",
    "memberCount": 0,
    "joinedAt": "2026-01-27T20:32:12.347Z",
    "messageCount": 0,
    "status": "active",
    "id": 88
  },
  {
    "accountId": 1,
    "groupLink": "https://t.me/VoIP_Service",
    "groupName": "IP-телефония, ip телефония, Виртуальная АТС, ВАТС, VoIP, SIP",
    "memberCount": 0,
    "joinedAt": "2026-01-27T20:32:12.352Z",
    "messageCount": 0,
    "status": "active",
    "id": 89
  },
  {
    "accountId": 1,
    "groupLink": "https://t.me/telecomglobal1337channel",
    "groupName": "1337VoIP",
    "memberCount": 0,
    "joinedAt": "2026-01-27T20:32:12.354Z",
    "messageCount": 0,
    "status": "active",
    "id": 90
  },
  {
    "accountId": 1,
    "groupLink": "https://t.me/proasterisk",
    "groupName": "Asterisk Community",
    "memberCount": 0,
    "joinedAt": "2026-01-27T20:32:12.357Z",
    "messageCount": 0,
    "status": "active",
    "id": 91
  },
  {
    "accountId": 1,
    "groupLink": "https://t.me/tigeitongxin3",
    "groupName": "☎️海外电销线路☎️语音群呼系统 AI机器人 Chat",
    "memberCount": 0,
    "joinedAt": "2026-01-27T20:32:12.360Z",
    "messageCount": 0,
    "status": "active",
    "id": 92
  },
  {
    "accountId": 1,
    "groupLink": "https://t.me/long_terms_investment_sharesz",
    "groupName": "VK Long Term SIP CONCEPT (LONG TERM INVESTMENT STOCKSz.)",
    "memberCount": 0,
    "joinedAt": "2026-01-27T20:32:12.362Z",
    "messageCount": 0,
    "status": "active",
    "id": 93
  },
  {
    "accountId": 1,
    "groupLink": "https://t.me/illyvoip_group",
    "groupName": "ILLYVOIP.COM",
    "memberCount": 0,
    "joinedAt": "2026-01-27T20:32:12.364Z",
    "messageCount": 0,
    "status": "active",
    "id": 94
  },
  {
    "accountId": 1,
    "groupLink": "https://t.me/wangluodianhua_3",
    "groupName": "电销线路/网络电话/106通道/国显",
    "memberCount": 0,
    "joinedAt": "2026-01-27T20:32:12.366Z",
    "messageCount": 0,
    "status": "active",
    "id": 95
  },
  {
    "accountId": 1,
    "groupLink": "https://t.me/Voip_routes",
    "groupName": "Voip Routes | CC CLI | Non CLI | TDM | A2P SMS | Voip Termination | Voip Wholesale | A2P SMS | China CC | Correct Display Route",
    "memberCount": 0,
    "joinedAt": "2026-01-27T20:32:12.368Z",
    "messageCount": 0,
    "status": "active",
    "id": 96
  },
  {
    "accountId": 2,
    "groupLink": "https://t.me/usavoipservice",
    "groupName": "💳MARK PROCESSING AND BLOCKING💳",
    "memberCount": 0,
    "joinedAt": "2026-01-27T20:50:23.915Z",
    "messageCount": 0,
    "status": "active",
    "id": 97
  },
  {
    "accountId": 2,
    "groupLink": "https://t.me/TECH_SUPPORT_DIALER",
    "groupName": "TeCh SupPort [ DelHi & KoLkatA ]",
    "memberCount": 0,
    "joinedAt": "2026-01-27T20:50:23.917Z",
    "messageCount": 0,
    "status": "active",
    "id": 98
  },
  {
    "accountId": 2,
    "groupLink": "https://t.me/starfraudgroupchat",
    "groupName": "Star chat",
    "memberCount": 0,
    "joinedAt": "2026-01-27T20:50:23.919Z",
    "messageCount": 0,
    "status": "active",
    "id": 99
  },
  {
    "accountId": 2,
    "groupLink": "https://t.me/callcenterproject",
    "groupName": "Call Center _ BPO _ Tech Support _ Calls and Data Provider",
    "memberCount": 0,
    "joinedAt": "2026-01-27T20:50:23.921Z",
    "messageCount": 0,
    "status": "active",
    "id": 100
  },
  {
    "accountId": 2,
    "groupLink": "https://t.me/caller_chat",
    "groupName": "IP-Telephony, Caller ID, SMS",
    "memberCount": 0,
    "joinedAt": "2026-01-27T20:50:23.922Z",
    "messageCount": 0,
    "status": "active",
    "id": 101
  },
  {
    "accountId": 2,
    "groupLink": "https://t.me/voip_2020",
    "groupName": "VoIP GSM termination traffic ☎️",
    "memberCount": 0,
    "joinedAt": "2026-01-27T20:50:23.923Z",
    "messageCount": 0,
    "status": "active",
    "id": 102
  },
  {
    "accountId": 2,
    "groupLink": "https://t.me/voipglobla",
    "groupName": "Voip global marketing group",
    "memberCount": 0,
    "joinedAt": "2026-01-27T20:50:23.925Z",
    "messageCount": 0,
    "status": "active",
    "id": 103
  },
  {
    "accountId": 2,
    "groupLink": "https://t.me/spoofing_routes_marketplace",
    "groupName": "Spoofing Routes Marketplace Voip Wholesale Termination Magnus Support Asterisk Pbx",
    "memberCount": 0,
    "joinedAt": "2026-01-27T20:50:23.926Z",
    "messageCount": 0,
    "status": "active",
    "id": 104
  },
  {
    "accountId": 2,
    "groupLink": "https://t.me/Usa_Uk_France_Inbound",
    "groupName": "💥Inbound & Outbound (BE / USA / AUS / Uk) 💥",
    "memberCount": 0,
    "joinedAt": "2026-01-27T20:50:23.928Z",
    "messageCount": 0,
    "status": "active",
    "id": 105
  },
  {
    "accountId": 2,
    "groupLink": "https://t.me/voipgroupwebshellcalling",
    "groupName": "Voip group/ webshell/ marketplace calling",
    "memberCount": 0,
    "joinedAt": "2026-01-27T20:50:23.930Z",
    "messageCount": 0,
    "status": "active",
    "id": 106
  },
  {
    "accountId": 2,
    "groupLink": "https://t.me/didnumbersvoiproutes",
    "groupName": "DID NUMBER ALL COUNTRIES I VOIP ROUTES l SPOOFING CALL",
    "memberCount": 0,
    "joinedAt": "2026-01-27T20:50:23.932Z",
    "messageCount": 0,
    "status": "active",
    "id": 107
  },
  {
    "accountId": 2,
    "groupLink": "https://t.me/VoipCpAMarketing",
    "groupName": "Voip CpA Marketing",
    "memberCount": 0,
    "joinedAt": "2026-01-27T20:50:23.934Z",
    "messageCount": 0,
    "status": "active",
    "id": 108
  },
  {
    "accountId": 2,
    "groupLink": "https://t.me/voipchat",
    "groupName": "VoIP Chat For IT Professionals",
    "memberCount": 0,
    "joinedAt": "2026-01-27T20:50:23.935Z",
    "messageCount": 0,
    "status": "active",
    "id": 109
  },
  {
    "accountId": 2,
    "groupLink": "https://t.me/VoipRouteBuysell",
    "groupName": "Voip Route Buy sell",
    "memberCount": 0,
    "joinedAt": "2026-01-27T20:50:23.937Z",
    "messageCount": 0,
    "status": "active",
    "id": 110
  },
  {
    "accountId": 2,
    "groupLink": "https://t.me/volpcaals",
    "groupName": "Bulk Sms, Sip trunk, Spoofing call, Voip routes, Buy and Sell",
    "memberCount": 0,
    "joinedAt": "2026-01-27T20:50:23.938Z",
    "messageCount": 0,
    "status": "active",
    "id": 111
  },
  {
    "accountId": 2,
    "groupLink": "https://t.me/voiproutecc",
    "groupName": "VOIP ROUTES SIP TUNKS MALL 全球语音线路SHARE",
    "memberCount": 0,
    "joinedAt": "2026-01-27T20:50:23.940Z",
    "messageCount": 0,
    "status": "active",
    "id": 112
  },
  {
    "accountId": 2,
    "groupLink": "https://t.me/Forex_Gambling",
    "groupName": "Voip Caller Forex Gambling Crypto",
    "memberCount": 0,
    "joinedAt": "2026-01-27T20:50:23.941Z",
    "messageCount": 0,
    "status": "active",
    "id": 113
  },
  {
    "accountId": 2,
    "groupLink": "https://t.me/voip_sip_tower",
    "groupName": "IP TELEPHONY Tower Chat [ forum | voip | sip| sms | cli | did | routes ]",
    "memberCount": 0,
    "joinedAt": "2026-01-27T20:50:23.942Z",
    "messageCount": 0,
    "status": "active",
    "id": 114
  },
  {
    "accountId": 2,
    "groupLink": "https://t.me/allaworldvoipproviders",
    "groupName": "ALL WORLD VOIP PROVIDERS",
    "memberCount": 0,
    "joinedAt": "2026-01-27T20:50:23.944Z",
    "messageCount": 0,
    "status": "active",
    "id": 115
  },
  {
    "accountId": 2,
    "groupLink": "https://t.me/VoipSip_Routes",
    "groupName": "VoIP Sip Telephony",
    "memberCount": 0,
    "joinedAt": "2026-01-27T20:50:23.946Z",
    "messageCount": 0,
    "status": "active",
    "id": 116
  },
  {
    "accountId": 2,
    "groupLink": "https://t.me/tollfreevoip",
    "groupName": "Toll Free, Voip and Dialer",
    "memberCount": 0,
    "joinedAt": "2026-01-27T20:50:23.948Z",
    "messageCount": 0,
    "status": "active",
    "id": 117
  },
  {
    "accountId": 2,
    "groupLink": "https://t.me/payday_loan_us",
    "groupName": "Payday Loans and USA Popup Calls",
    "memberCount": 0,
    "joinedAt": "2026-01-27T20:50:23.950Z",
    "messageCount": 0,
    "status": "active",
    "id": 118
  },
  {
    "accountId": 2,
    "groupLink": "https://t.me/raycorporations",
    "groupName": "𝙑𝙤𝙄𝙋 𝙎𝙚𝙧𝙫𝙞𝙘𝙚 𝙋𝙧𝙤𝙫𝙞𝙙𝙚𝙧𝙨",
    "memberCount": 0,
    "joinedAt": "2026-01-27T20:50:23.952Z",
    "messageCount": 0,
    "status": "active",
    "id": 119
  },
  {
    "accountId": 2,
    "groupLink": "https://t.me/voiproutes",
    "groupName": "VoIP routes marketplace",
    "memberCount": 0,
    "joinedAt": "2026-01-27T20:50:23.954Z",
    "messageCount": 0,
    "status": "active",
    "id": 120
  },
  {
    "accountId": 2,
    "groupLink": "https://t.me/siptrunkcallcentersetup",
    "groupName": "3cx configuration sip trunk & voip call call center",
    "memberCount": 0,
    "joinedAt": "2026-01-27T20:50:23.956Z",
    "messageCount": 0,
    "status": "active",
    "id": 121
  },
  {
    "accountId": 2,
    "groupLink": "https://t.me/temcypro",
    "groupName": "3CX|ASTERISK|RingCentral|VoIP",
    "memberCount": 0,
    "joinedAt": "2026-01-27T20:50:23.958Z",
    "messageCount": 0,
    "status": "active",
    "id": 122
  },
  {
    "accountId": 2,
    "groupLink": "https://t.me/siptrunkvoip",
    "groupName": "VoIP Routes Forum",
    "memberCount": 0,
    "joinedAt": "2026-01-27T20:50:23.964Z",
    "messageCount": 0,
    "status": "active",
    "id": 123
  },
  {
    "accountId": 2,
    "groupLink": "https://t.me/canada_phone_email_sms_Whatsapp",
    "groupName": "Canada 🇨🇦🍁 Phone / Email / WhatsApp/ Voip / Sms",
    "memberCount": 0,
    "joinedAt": "2026-01-27T20:50:23.966Z",
    "messageCount": 0,
    "status": "active",
    "id": 124
  },
  {
    "accountId": 2,
    "groupLink": "https://t.me/VoipRoutes_MultiSip",
    "groupName": "VoIP Routes MultiSip",
    "memberCount": 0,
    "joinedAt": "2026-01-27T20:50:23.967Z",
    "messageCount": 0,
    "status": "active",
    "id": 125
  },
  {
    "accountId": 2,
    "groupLink": "https://t.me/VoipSip_Telephony",
    "groupName": "MultiSip Telephony Provider",
    "memberCount": 0,
    "joinedAt": "2026-01-27T20:50:23.969Z",
    "messageCount": 0,
    "status": "active",
    "id": 126
  },
  {
    "accountId": 2,
    "groupLink": "https://t.me/globalvoip_route",
    "groupName": "Global Voip Route 🌎🚦",
    "memberCount": 0,
    "joinedAt": "2026-01-27T20:50:23.970Z",
    "messageCount": 0,
    "status": "active",
    "id": 127
  },
  {
    "accountId": 2,
    "groupLink": "https://t.me/telephony_services",
    "groupName": "IP Telephony ( Voip Route Services )",
    "memberCount": 0,
    "joinedAt": "2026-01-27T20:50:23.971Z",
    "messageCount": 0,
    "status": "active",
    "id": 128
  },
  {
    "accountId": 2,
    "groupLink": "https://t.me/voipsiptelephony",
    "groupName": "Telephony Routes VoIP",
    "memberCount": 0,
    "joinedAt": "2026-01-27T20:50:23.973Z",
    "messageCount": 0,
    "status": "active",
    "id": 129
  },
  {
    "accountId": 2,
    "groupLink": "https://t.me/VoIPmarketplacefortwillo",
    "groupName": "VOIProute/SIP Trunk/DID",
    "memberCount": 0,
    "joinedAt": "2026-01-27T20:50:23.974Z",
    "messageCount": 0,
    "status": "active",
    "id": 130
  },
  {
    "accountId": 2,
    "groupLink": "https://t.me/SHETHCALLSESIM",
    "groupName": "SHETH PUSH/PPC CALLS & PROCESSING 💸 SHETH 推送/PPC 呼叫和处理",
    "memberCount": 0,
    "joinedAt": "2026-01-27T20:50:23.976Z",
    "messageCount": 0,
    "status": "active",
    "id": 131
  },
  {
    "accountId": 2,
    "groupLink": "https://t.me/usavoiproute",
    "groupName": "Expendables Voip",
    "memberCount": 0,
    "joinedAt": "2026-01-27T20:50:23.977Z",
    "messageCount": 0,
    "status": "active",
    "id": 132
  },
  {
    "accountId": 2,
    "groupLink": "https://t.me/UsaSpoofingcall",
    "groupName": "USA Spoofing Call, Inbound Call, Outbound call, Sip Trunk, DiD number, 3CX, Caller ID, SMS route, Twilio, Telynx, IVR Setup",
    "memberCount": 0,
    "joinedAt": "2026-01-27T20:50:23.978Z",
    "messageCount": 0,
    "status": "active",
    "id": 133
  },
  {
    "accountId": 2,
    "groupLink": "https://t.me/accountwillotelnyx",
    "groupName": "VoIP bulk sms twillo telynx Vonage account",
    "memberCount": 0,
    "joinedAt": "2026-01-27T20:50:23.980Z",
    "messageCount": 0,
    "status": "active",
    "id": 134
  },
  {
    "accountId": 2,
    "groupLink": "https://t.me/voip_business_solutions",
    "groupName": "🅅🄾🄸🄿 🄿🅁🄾🅅🄸🄳🄴🅁🅂,🅂🄿🄾🄾🄵🄸🄽🄶 🄲🄻🄸, 🄵🅁🄴🄴 🄿🄱🅇 🅂🄸🄿, 🄶🅂🄼 🄶🄰🅃🄴,🅂🄼🅂 🄶🄰🅃🄴 🄼🄰🄶🄽🅄🅂",
    "memberCount": 0,
    "joinedAt": "2026-01-27T20:50:23.982Z",
    "messageCount": 0,
    "status": "active",
    "id": 135
  },
  {
    "accountId": 2,
    "groupLink": "https://t.me/BulkSMSMarketing66",
    "groupName": "Worldwide Bulk SMS Marketing|OTP|VOIP Service",
    "memberCount": 0,
    "joinedAt": "2026-01-27T20:50:23.983Z",
    "messageCount": 0,
    "status": "active",
    "id": 136
  },
  {
    "accountId": 2,
    "groupLink": "https://t.me/Germany_email_phone_sms",
    "groupName": "Germany 🇩🇪 Email / Phone / Sms / Voip",
    "memberCount": 0,
    "joinedAt": "2026-01-27T20:50:23.985Z",
    "messageCount": 0,
    "status": "active",
    "id": 137
  },
  {
    "accountId": 2,
    "groupLink": "https://t.me/voipmarketplace",
    "groupName": "VOIP marketplace",
    "memberCount": 0,
    "joinedAt": "2026-01-27T20:50:23.987Z",
    "messageCount": 0,
    "status": "active",
    "id": 138
  },
  {
    "accountId": 2,
    "groupLink": "https://t.me/VoIPRoutesMarketplace",
    "groupName": "VoIP Routes Marketplace – Buy & Sell Wholesale VoIP Termination",
    "memberCount": 0,
    "joinedAt": "2026-01-27T20:50:23.988Z",
    "messageCount": 0,
    "status": "active",
    "id": 139
  },
  {
    "accountId": 2,
    "groupLink": "https://t.me/trunkROUTES1",
    "groupName": "VoIP Sip Tower",
    "memberCount": 0,
    "joinedAt": "2026-01-27T20:50:23.989Z",
    "messageCount": 0,
    "status": "active",
    "id": 140
  },
  {
    "accountId": 2,
    "groupLink": "https://t.me/TrunkRoutes",
    "groupName": "Routes Telephonia VoIP",
    "memberCount": 0,
    "joinedAt": "2026-01-27T20:50:23.991Z",
    "messageCount": 0,
    "status": "active",
    "id": 141
  },
  {
    "accountId": 2,
    "groupLink": "https://t.me/sip_voip_tower",
    "groupName": "VoipTower IP - ТЕЛЕФОНИЯ Chat",
    "memberCount": 0,
    "joinedAt": "2026-01-27T20:50:23.993Z",
    "messageCount": 0,
    "status": "active",
    "id": 142
  },
  {
    "accountId": 2,
    "groupLink": "https://t.me/MagnusbillingInternational",
    "groupName": "Magnus Billing International",
    "memberCount": 0,
    "joinedAt": "2026-01-27T20:50:23.994Z",
    "messageCount": 0,
    "status": "active",
    "id": 143
  },
  {
    "accountId": 2,
    "groupLink": "https://t.me/smssenderidcallspofingitellbulks",
    "groupName": "SMSSENDERID-SPOOFING-CALLSPOOFING-SMSBULK",
    "memberCount": 0,
    "joinedAt": "2026-01-27T20:50:23.996Z",
    "messageCount": 0,
    "status": "active",
    "id": 144
  },
  {
    "accountId": 2,
    "groupLink": "https://t.me/SipTrunk_SpoofingCalling",
    "groupName": "Call Spoofing, DID Number, Inbound Call, Outbound Call, USA CLI, VoIP, Xlite, Sip Trunk, Twilio Ivr",
    "memberCount": 0,
    "joinedAt": "2026-01-27T20:50:23.998Z",
    "messageCount": 0,
    "status": "active",
    "id": 145
  },
  {
    "accountId": 2,
    "groupLink": "https://t.me/voipn",
    "groupName": "شات دلوان للدردشه",
    "memberCount": 0,
    "joinedAt": "2026-01-27T20:50:23.999Z",
    "messageCount": 0,
    "status": "active",
    "id": 146
  },
  {
    "accountId": 2,
    "groupLink": "https://t.me/VoipSipProvider",
    "groupName": "Sip VoIP Provider",
    "memberCount": 0,
    "joinedAt": "2026-01-27T20:50:24.001Z",
    "messageCount": 0,
    "status": "active",
    "id": 147
  },
  {
    "accountId": 2,
    "groupLink": "https://t.me/magnusbillingsolution",
    "groupName": "Magnus Billing EN",
    "memberCount": 0,
    "joinedAt": "2026-01-27T20:50:24.002Z",
    "messageCount": 0,
    "status": "active",
    "id": 148
  },
  {
    "accountId": 2,
    "groupLink": "https://t.me/voip_siptelephony",
    "groupName": "Telephony Provider VoIP",
    "memberCount": 0,
    "joinedAt": "2026-01-27T20:50:24.004Z",
    "messageCount": 0,
    "status": "active",
    "id": 149
  },
  {
    "accountId": 2,
    "groupLink": "https://t.me/voipproviders",
    "groupName": "VoIP Provider",
    "memberCount": 0,
    "joinedAt": "2026-01-27T20:50:24.006Z",
    "messageCount": 0,
    "status": "active",
    "id": 150
  },
  {
    "accountId": 2,
    "groupLink": "https://t.me/VoipSpoofingRoutes",
    "groupName": "Caller ID Spoofing, Wholesale VoIP Termination, Sip trunk, Did numbers, VoIP Marketplace",
    "memberCount": 0,
    "joinedAt": "2026-01-27T20:50:24.007Z",
    "messageCount": 0,
    "status": "active",
    "id": 151
  },
  {
    "accountId": 2,
    "groupLink": "https://t.me/jerrisclud",
    "groupName": "Bulk Sms marketing | Voip, Sip Trunk , Spoofing | Twillio, Telnyx, Plivo",
    "memberCount": 0,
    "joinedAt": "2026-01-27T20:50:24.009Z",
    "messageCount": 0,
    "status": "active",
    "id": 152
  },
  {
    "accountId": 2,
    "groupLink": "https://t.me/spoofingroutes",
    "groupName": "Caller ID Spoofing, Wholesale VoIP Termination, Sip trunk, Did numbers, VoIP Marketplace",
    "memberCount": 0,
    "joinedAt": "2026-01-27T20:50:24.012Z",
    "messageCount": 0,
    "status": "active",
    "id": 153
  },
  {
    "accountId": 2,
    "groupLink": "https://t.me/RoutesVoIP90",
    "groupName": "Телефония VoIP Sip",
    "memberCount": 0,
    "joinedAt": "2026-01-27T20:50:24.013Z",
    "messageCount": 0,
    "status": "active",
    "id": 154
  },
  {
    "accountId": 2,
    "groupLink": "https://t.me/internationalchatting_best_group",
    "groupName": "The International Lounge || From All Over The World",
    "memberCount": 0,
    "joinedAt": "2026-01-27T20:50:24.015Z",
    "messageCount": 0,
    "status": "active",
    "id": 155
  },
  {
    "accountId": 2,
    "groupLink": "https://t.me/Voip_SipTrunk",
    "groupName": "Provider VoIP Telephony",
    "memberCount": 0,
    "joinedAt": "2026-01-27T20:50:24.017Z",
    "messageCount": 0,
    "status": "active",
    "id": 156
  },
  {
    "accountId": 2,
    "groupLink": "https://t.me/voipsipcoll",
    "groupName": "Voip SIP Coll",
    "memberCount": 0,
    "joinedAt": "2026-01-27T20:50:24.018Z",
    "messageCount": 0,
    "status": "active",
    "id": 157
  },
  {
    "accountId": 2,
    "groupLink": "https://t.me/voiprouteMall",
    "groupName": "VOIP ROUTES SIP TUNKS MALL 02 全球语音线路SHARE",
    "memberCount": 0,
    "joinedAt": "2026-01-27T20:50:24.020Z",
    "messageCount": 0,
    "status": "active",
    "id": 158
  },
  {
    "accountId": 2,
    "groupLink": "https://t.me/voipbusinessglobal",
    "groupName": "VoIP Business Global | VoIP, Bulk SMS, Email Service",
    "memberCount": 0,
    "joinedAt": "2026-01-27T20:50:24.022Z",
    "messageCount": 0,
    "status": "active",
    "id": 159
  },
  {
    "accountId": 2,
    "groupLink": "https://t.me/voibuyselldataleads_market",
    "groupName": "VOIP Hub☎️",
    "memberCount": 0,
    "joinedAt": "2026-01-27T20:50:24.024Z",
    "messageCount": 0,
    "status": "active",
    "id": 160
  },
  {
    "accountId": 2,
    "groupLink": "https://t.me/Bulksms07",
    "groupName": "BULK SMS Marketing| GLOBE 🌐💬",
    "memberCount": 0,
    "joinedAt": "2026-01-27T20:50:24.025Z",
    "messageCount": 0,
    "status": "active",
    "id": 161
  },
  {
    "accountId": 2,
    "groupLink": "https://t.me/usaspoofing",
    "groupName": "Usa spoof calling group VOIP",
    "memberCount": 0,
    "joinedAt": "2026-01-27T20:50:24.027Z",
    "messageCount": 0,
    "status": "active",
    "id": 162
  },
  {
    "accountId": 2,
    "groupLink": "https://t.me/Voipspoofingz",
    "groupName": "Sip trunk,Twilio,DiD Number,Caller ID, Usa Spoofing, Outbound Call, SMS Route,IVR,3cx,VoIP, ,TFN chat",
    "memberCount": 0,
    "joinedAt": "2026-01-27T20:50:24.029Z",
    "messageCount": 0,
    "status": "active",
    "id": 163
  },
  {
    "accountId": 2,
    "groupLink": "https://t.me/voipanddialer",
    "groupName": "Voip & Dialer",
    "memberCount": 0,
    "joinedAt": "2026-01-27T20:50:24.031Z",
    "messageCount": 0,
    "status": "active",
    "id": 164
  },
  {
    "accountId": 2,
    "groupLink": "https://t.me/SMSVERIFICATIONUSA",
    "groupName": "USAVERIFICATION",
    "memberCount": 0,
    "joinedAt": "2026-01-27T20:50:24.032Z",
    "messageCount": 0,
    "status": "active",
    "id": 165
  },
  {
    "accountId": 2,
    "groupLink": "https://t.me/VOIPRouteSIP",
    "groupName": "VOIP Route | SIP | Trunks",
    "memberCount": 0,
    "joinedAt": "2026-01-27T20:50:24.034Z",
    "messageCount": 0,
    "status": "active",
    "id": 166
  },
  {
    "accountId": 2,
    "groupLink": "https://t.me/voipterminationorigination",
    "groupName": "{VTOR} Voip Termination Origination Retail",
    "memberCount": 0,
    "joinedAt": "2026-01-27T20:50:24.035Z",
    "messageCount": 0,
    "status": "active",
    "id": 167
  },
  {
    "accountId": 2,
    "groupLink": "https://t.me/bulksmsfo",
    "groupName": "nternational SMS&Voip Services",
    "memberCount": 0,
    "joinedAt": "2026-01-27T20:50:24.037Z",
    "messageCount": 0,
    "status": "active",
    "id": 168
  },
  {
    "accountId": 2,
    "groupLink": "https://t.me/bulk_sms_sender_api",
    "groupName": "SPAM & BULK SMS SENDER GATEWAY",
    "memberCount": 0,
    "joinedAt": "2026-01-27T20:50:24.038Z",
    "messageCount": 0,
    "status": "active",
    "id": 169
  },
  {
    "accountId": 2,
    "groupLink": "https://t.me/ipeHt5o05WA0NTJk",
    "groupName": "Voice over egypt1🎙",
    "memberCount": 0,
    "joinedAt": "2026-01-27T20:50:24.040Z",
    "messageCount": 0,
    "status": "active",
    "id": 170
  },
  {
    "accountId": 2,
    "groupLink": "https://t.me/didtfndeals",
    "groupName": "📞 DIDs & TFNs Deals",
    "memberCount": 0,
    "joinedAt": "2026-01-27T20:50:24.042Z",
    "messageCount": 0,
    "status": "active",
    "id": 171
  },
  {
    "accountId": 2,
    "groupLink": "https://t.me/voipsipworldwide",
    "groupName": "CloudComm Hub SIP & SMS Masters",
    "memberCount": 0,
    "joinedAt": "2026-01-27T20:50:24.043Z",
    "messageCount": 0,
    "status": "active",
    "id": 172
  },
  {
    "accountId": 2,
    "groupLink": "https://t.me/Ifx_group_technology_vector",
    "groupName": "IFX. (PSP-CC/ Leads/ Banking/ Incorporation) Solutions",
    "memberCount": 0,
    "joinedAt": "2026-01-27T20:50:24.045Z",
    "messageCount": 0,
    "status": "active",
    "id": 173
  },
  {
    "accountId": 2,
    "groupLink": "https://t.me/level2telynx",
    "groupName": "Twilio Upgraded, #WhatsappBulkSms #Call centre setup #3cx #Caller Id spoofing #Siptrunking #didww, Direct Cli Routes, #magictel,",
    "memberCount": 0,
    "joinedAt": "2026-01-27T20:50:24.047Z",
    "messageCount": 0,
    "status": "active",
    "id": 174
  },
  {
    "accountId": 2,
    "groupLink": "https://t.me/VoIPGlobalDID_3XCalls_VoIPSIP",
    "groupName": "GlobalDID_Numbers, 3X Calls, VoIP,DID numbers, Sip trunking_Twillio, Tenlynx_Didlogic_Didww etc.....",
    "memberCount": 0,
    "joinedAt": "2026-01-27T20:50:24.048Z",
    "messageCount": 0,
    "status": "active",
    "id": 175
  },
  {
    "accountId": 2,
    "groupLink": "https://t.me/spoofingcallsid",
    "groupName": "VoIP spoofing 3cx caller🆔 🏵💬",
    "memberCount": 0,
    "joinedAt": "2026-01-27T20:50:24.049Z",
    "messageCount": 0,
    "status": "active",
    "id": 176
  },
  {
    "accountId": 2,
    "groupLink": "https://t.me/apexfree",
    "groupName": "ApexFree -Добротворение🌐 💬 📍📝",
    "memberCount": 0,
    "joinedAt": "2026-01-27T20:50:24.051Z",
    "messageCount": 0,
    "status": "active",
    "id": 177
  },
  {
    "accountId": 2,
    "groupLink": "https://t.me/SySAD",
    "groupName": "Системный администратор - Сетевые технологии - Компьютерная помощь",
    "memberCount": 0,
    "joinedAt": "2026-01-27T20:50:24.053Z",
    "messageCount": 0,
    "status": "active",
    "id": 178
  },
  {
    "accountId": 2,
    "groupLink": "https://t.me/voipfinance",
    "groupName": "VOIP FINANCE",
    "memberCount": 0,
    "joinedAt": "2026-01-27T20:50:24.055Z",
    "messageCount": 0,
    "status": "active",
    "id": 179
  },
  {
    "accountId": 2,
    "groupLink": "https://t.me/Siptrunkspoofingcallvoipcall",
    "groupName": "VoIP, 3cx, USA Spoofing Call, Call Centre Set up, DiD number, Sip Trunk, Auto dialer, Bulk SMS, Outbound call, IVR",
    "memberCount": 0,
    "joinedAt": "2026-01-27T20:50:24.056Z",
    "messageCount": 0,
    "status": "active",
    "id": 180
  },
  {
    "accountId": 2,
    "groupLink": "https://t.me/twiliotelnyxsms",
    "groupName": "DID NUMBER | SIP TRUNK | VOIP | Twilio | Telnyx | Vonage | DIDWW | SMS Marketing Accounts Providers",
    "memberCount": 0,
    "joinedAt": "2026-01-27T20:50:24.058Z",
    "messageCount": 0,
    "status": "active",
    "id": 181
  },
  {
    "accountId": 2,
    "groupLink": "https://t.me/WANT3Dhighrisk",
    "groupName": "WANTƎD FX iGaming Marketing",
    "memberCount": 0,
    "joinedAt": "2026-01-27T20:50:24.060Z",
    "messageCount": 0,
    "status": "active",
    "id": 182
  },
  {
    "accountId": 2,
    "groupLink": "https://t.me/Sipdirectgrowthplan",
    "groupName": "Sip Direct Growth Plan",
    "memberCount": 0,
    "joinedAt": "2026-01-27T20:50:24.062Z",
    "messageCount": 0,
    "status": "active",
    "id": 183
  },
  {
    "accountId": 2,
    "groupLink": "https://t.me/VoIP_Service",
    "groupName": "IP-телефония, ip телефония, Виртуальная АТС, ВАТС, VoIP, SIP",
    "memberCount": 0,
    "joinedAt": "2026-01-27T20:50:24.063Z",
    "messageCount": 0,
    "status": "active",
    "id": 184
  },
  {
    "accountId": 2,
    "groupLink": "https://t.me/proasterisk",
    "groupName": "Asterisk Community",
    "memberCount": 0,
    "joinedAt": "2026-01-27T20:50:24.065Z",
    "messageCount": 0,
    "status": "active",
    "id": 185
  },
  {
    "accountId": 2,
    "groupLink": "https://t.me/tigeitongxin3",
    "groupName": "☎️海外电销线路☎️语音群呼系统 AI机器人 Chat",
    "memberCount": 0,
    "joinedAt": "2026-01-27T20:50:24.066Z",
    "messageCount": 0,
    "status": "active",
    "id": 186
  },
  {
    "accountId": 2,
    "groupLink": "https://t.me/long_terms_investment_sharesz",
    "groupName": "VK Long Term SIP CONCEPT (LONG TERM INVESTMENT STOCKSz.)",
    "memberCount": 0,
    "joinedAt": "2026-01-27T20:50:24.070Z",
    "messageCount": 0,
    "status": "active",
    "id": 187
  },
  {
    "accountId": 2,
    "groupLink": "https://t.me/illyvoip_group",
    "groupName": "ILLYVOIP.COM",
    "memberCount": 0,
    "joinedAt": "2026-01-27T20:50:24.071Z",
    "messageCount": 0,
    "status": "active",
    "id": 188
  },
  {
    "accountId": 2,
    "groupLink": "https://t.me/wangluodianhua_3",
    "groupName": "电销线路/网络电话/106通道/国显",
    "memberCount": 0,
    "joinedAt": "2026-01-27T20:50:24.073Z",
    "messageCount": 0,
    "status": "active",
    "id": 189
  },
  {
    "accountId": 2,
    "groupLink": "https://t.me/Voip_routes",
    "groupName": "Voip Routes | CC CLI | Non CLI | TDM | A2P SMS | Voip Termination | Voip Wholesale | A2P SMS | China CC | Correct Display Route",
    "memberCount": 0,
    "joinedAt": "2026-01-27T20:50:24.075Z",
    "messageCount": 0,
    "status": "active",
    "id": 190
  },
  {
    "accountId": 3,
    "groupLink": "https://t.me/spoofing_routes_marketplace",
    "groupName": "Spoofing Routes Marketplace Voip Wholesale Termination Magnus Support Asterisk Pbx",
    "memberCount": 0,
    "joinedAt": "2026-01-27T21:34:35.174Z",
    "messageCount": 0,
    "status": "active",
    "id": 191
  },
  {
    "accountId": 3,
    "groupLink": "https://t.me/usavoipservice",
    "groupName": "💳MARK PROCESSING AND BLOCKING💳",
    "memberCount": 0,
    "joinedAt": "2026-01-27T21:34:35.176Z",
    "messageCount": 0,
    "status": "active",
    "id": 192
  },
  {
    "accountId": 3,
    "groupLink": "https://t.me/Usa_Uk_France_Inbound",
    "groupName": "💥Inbound & Outbound (BE / USA / AUS / Uk) 💥",
    "memberCount": 0,
    "joinedAt": "2026-01-27T21:34:35.177Z",
    "messageCount": 0,
    "status": "active",
    "id": 193
  },
  {
    "accountId": 3,
    "groupLink": "https://t.me/Forex_Gambling",
    "groupName": "Voip Caller Forex Gambling Crypto",
    "memberCount": 0,
    "joinedAt": "2026-01-27T21:34:35.179Z",
    "messageCount": 0,
    "status": "active",
    "id": 194
  },
  {
    "accountId": 3,
    "groupLink": "https://t.me/voipn",
    "groupName": "شات دلوان للدردشه",
    "memberCount": 0,
    "joinedAt": "2026-01-27T21:34:35.180Z",
    "messageCount": 0,
    "status": "active",
    "id": 195
  },
  {
    "accountId": 3,
    "groupLink": "https://t.me/TECH_SUPPORT_DIALER",
    "groupName": "TeCh SupPort [ DelHi & KoLkatA ]",
    "memberCount": 0,
    "joinedAt": "2026-01-27T21:34:35.182Z",
    "messageCount": 0,
    "status": "active",
    "id": 196
  },
  {
    "accountId": 3,
    "groupLink": "https://t.me/magnusbillingsolution",
    "groupName": "Magnus Billing EN",
    "memberCount": 0,
    "joinedAt": "2026-01-27T21:34:35.184Z",
    "messageCount": 0,
    "status": "active",
    "id": 197
  },
  {
    "accountId": 3,
    "groupLink": "https://t.me/SipTrunk_SpoofingCalling",
    "groupName": "Call Spoofing, DID Number, Inbound Call, Outbound Call, USA CLI, VoIP, Xlite, Sip Trunk, Twilio Ivr",
    "memberCount": 0,
    "joinedAt": "2026-01-27T21:34:35.185Z",
    "messageCount": 0,
    "status": "active",
    "id": 198
  },
  {
    "accountId": 3,
    "groupLink": "https://t.me/accountwillotelnyx",
    "groupName": "VoIP bulk sms twillo telynx Vonage account",
    "memberCount": 0,
    "joinedAt": "2026-01-27T21:34:35.187Z",
    "messageCount": 0,
    "status": "active",
    "id": 199
  },
  {
    "accountId": 3,
    "groupLink": "https://t.me/caller_chat",
    "groupName": "IP-Telephony, Caller ID, SMS",
    "memberCount": 0,
    "joinedAt": "2026-01-27T21:34:35.189Z",
    "messageCount": 0,
    "status": "active",
    "id": 200
  },
  {
    "accountId": 3,
    "groupLink": "https://t.me/voiprouteMall",
    "groupName": "VOIP ROUTES SIP TUNKS MALL 02 全球语音线路SHARE",
    "memberCount": 0,
    "joinedAt": "2026-01-27T21:34:35.190Z",
    "messageCount": 0,
    "status": "active",
    "id": 201
  },
  {
    "accountId": 3,
    "groupLink": "https://t.me/voiproutecc",
    "groupName": "VOIP ROUTES SIP TUNKS MALL 全球语音线路SHARE",
    "memberCount": 0,
    "joinedAt": "2026-01-27T21:34:35.192Z",
    "messageCount": 0,
    "status": "active",
    "id": 202
  },
  {
    "accountId": 3,
    "groupLink": "https://t.me/callcenterproject",
    "groupName": "Call Center _ BPO _ Tech Support _ Calls and Data Provider",
    "memberCount": 0,
    "joinedAt": "2026-01-27T21:34:35.194Z",
    "messageCount": 0,
    "status": "active",
    "id": 203
  },
  {
    "accountId": 3,
    "groupLink": "https://t.me/spoofingroutes",
    "groupName": "Caller ID Spoofing, Wholesale VoIP Termination, Sip trunk, Did numbers, VoIP Marketplace",
    "memberCount": 0,
    "joinedAt": "2026-01-27T21:34:35.196Z",
    "messageCount": 0,
    "status": "active",
    "id": 204
  },
  {
    "accountId": 3,
    "groupLink": "https://t.me/voiproutes",
    "groupName": "VoIP routes marketplace",
    "memberCount": 0,
    "joinedAt": "2026-01-27T21:34:35.198Z",
    "messageCount": 0,
    "status": "active",
    "id": 205
  },
  {
    "accountId": 3,
    "groupLink": "https://t.me/trunkROUTES1",
    "groupName": "VoIP Sip Tower",
    "memberCount": 0,
    "joinedAt": "2026-01-27T21:34:35.200Z",
    "messageCount": 0,
    "status": "active",
    "id": 206
  },
  {
    "accountId": 3,
    "groupLink": "https://t.me/RoutesVoIP90",
    "groupName": "Телефония VoIP Sip",
    "memberCount": 0,
    "joinedAt": "2026-01-27T21:34:35.201Z",
    "messageCount": 0,
    "status": "active",
    "id": 207
  },
  {
    "accountId": 3,
    "groupLink": "https://t.me/level2telynx",
    "groupName": "Twilio Upgraded, #WhatsappBulkSms #Call centre setup #3cx #Caller Id spoofing #Siptrunking #didww, Direct Cli Routes, #magictel,",
    "memberCount": 0,
    "joinedAt": "2026-01-27T21:34:35.203Z",
    "messageCount": 0,
    "status": "active",
    "id": 208
  },
  {
    "accountId": 3,
    "groupLink": "https://t.me/VOIPRouteSIP",
    "groupName": "VOIP Route | SIP | Trunks",
    "memberCount": 0,
    "joinedAt": "2026-01-27T21:34:35.205Z",
    "messageCount": 0,
    "status": "active",
    "id": 209
  },
  {
    "accountId": 3,
    "groupLink": "https://t.me/voipproviders",
    "groupName": "VoIP Provider",
    "memberCount": 0,
    "joinedAt": "2026-01-27T21:34:35.206Z",
    "messageCount": 0,
    "status": "active",
    "id": 210
  },
  {
    "accountId": 3,
    "groupLink": "https://t.me/VoipRoutes_MultiSip",
    "groupName": "VoIP Routes MultiSip",
    "memberCount": 0,
    "joinedAt": "2026-01-27T21:34:35.208Z",
    "messageCount": 0,
    "status": "active",
    "id": 211
  },
  {
    "accountId": 3,
    "groupLink": "https://t.me/VoipSipProvider",
    "groupName": "Sip VoIP Provider",
    "memberCount": 0,
    "joinedAt": "2026-01-27T21:34:35.209Z",
    "messageCount": 0,
    "status": "active",
    "id": 212
  },
  {
    "accountId": 3,
    "groupLink": "https://t.me/VoipSpoofingRoutes",
    "groupName": "Caller ID Spoofing, Wholesale VoIP Termination, Sip trunk, Did numbers, VoIP Marketplace",
    "memberCount": 0,
    "joinedAt": "2026-01-27T21:34:35.211Z",
    "messageCount": 0,
    "status": "active",
    "id": 213
  },
  {
    "accountId": 3,
    "groupLink": "https://t.me/voipanddialer",
    "groupName": "Voip & Dialer",
    "memberCount": 0,
    "joinedAt": "2026-01-27T21:34:35.213Z",
    "messageCount": 0,
    "status": "active",
    "id": 214
  },
  {
    "accountId": 3,
    "groupLink": "https://t.me/ipeHt5o05WA0NTJk",
    "groupName": "Voice over egypt1🎙",
    "memberCount": 0,
    "joinedAt": "2026-01-27T21:34:35.216Z",
    "messageCount": 0,
    "status": "active",
    "id": 215
  },
  {
    "accountId": 3,
    "groupLink": "https://t.me/voipterminationorigination",
    "groupName": "{VTOR} Voip Termination Origination Retail",
    "memberCount": 0,
    "joinedAt": "2026-01-27T21:34:35.218Z",
    "messageCount": 0,
    "status": "active",
    "id": 216
  },
  {
    "accountId": 3,
    "groupLink": "https://t.me/bulk_sms_sender_api",
    "groupName": "SPAM & BULK SMS SENDER GATEWAY",
    "memberCount": 0,
    "joinedAt": "2026-01-27T21:34:35.219Z",
    "messageCount": 0,
    "status": "active",
    "id": 217
  },
  {
    "accountId": 3,
    "groupLink": "https://t.me/VoIPGlobalDID_3XCalls_VoIPSIP",
    "groupName": "GlobalDID_Numbers, 3X Calls, VoIP,DID numbers, Sip trunking_Twillio, Tenlynx_Didlogic_Didww etc.....",
    "memberCount": 0,
    "joinedAt": "2026-01-27T21:34:35.221Z",
    "messageCount": 0,
    "status": "active",
    "id": 218
  },
  {
    "accountId": 3,
    "groupLink": "https://t.me/SySAD",
    "groupName": "Системный администратор - Сетевые технологии - Компьютерная помощь",
    "memberCount": 0,
    "joinedAt": "2026-01-27T21:34:35.222Z",
    "messageCount": 0,
    "status": "active",
    "id": 219
  },
  {
    "accountId": 3,
    "groupLink": "https://t.me/Siptrunkspoofingcallvoipcall",
    "groupName": "VoIP, 3cx, USA Spoofing Call, Call Centre Set up, DiD number, Sip Trunk, Auto dialer, Bulk SMS, Outbound call, IVR",
    "memberCount": 0,
    "joinedAt": "2026-01-27T21:34:35.224Z",
    "messageCount": 0,
    "status": "active",
    "id": 220
  },
  {
    "accountId": 3,
    "groupLink": "https://t.me/twiliotelnyxsms",
    "groupName": "DID NUMBER | SIP TRUNK | VOIP | Twilio | Telnyx | Vonage | DIDWW | SMS Marketing Accounts Providers",
    "memberCount": 0,
    "joinedAt": "2026-01-27T21:34:35.226Z",
    "messageCount": 0,
    "status": "active",
    "id": 221
  },
  {
    "accountId": 3,
    "groupLink": "https://t.me/telecom1337ads",
    "groupName": "telecomads",
    "memberCount": 0,
    "joinedAt": "2026-01-27T21:34:35.227Z",
    "messageCount": 0,
    "status": "active",
    "id": 222
  },
  {
    "accountId": 3,
    "groupLink": "https://t.me/tigeitongxin3",
    "groupName": "☎️海外电销线路☎️语音群呼系统 AI机器人 Chat",
    "memberCount": 0,
    "joinedAt": "2026-01-27T21:34:35.229Z",
    "messageCount": 0,
    "status": "active",
    "id": 223
  },
  {
    "accountId": 3,
    "groupLink": "Group ID: 5047062823",
    "groupName": "1337",
    "memberCount": 0,
    "joinedAt": "2026-01-27T21:34:35.230Z",
    "messageCount": 0,
    "status": "active",
    "id": 224
  },
  {
    "accountId": 3,
    "groupLink": "https://t.me/globalvoipdialers2026",
    "groupName": "https://t.me/globalvoipdialers2026",
    "memberCount": 0,
    "joinedAt": "2026-01-27T22:05:04.870Z",
    "messageCount": 0,
    "status": "active",
    "id": 225
  },
  {
    "accountId": 3,
    "groupLink": "https://t.me/temphood",
    "groupName": "https://t.me/temphood",
    "memberCount": 0,
    "joinedAt": "2026-01-27T22:05:28.917Z",
    "messageCount": 0,
    "status": "active",
    "id": 226
  }
]