[
  {
    "message": "🚀 Starting to join 1 groups with 30s-60s delay",
    "type": "info",
    "id": 1,
    "createdAt": "2026-01-25T22:28:03.767Z"
  },
  {
    "message": "🚀 Starting to join 1 groups with 30s-60s delay",
    "type": "info",
    "id": 2,
    "createdAt": "2026-01-25T22:28:11.522Z"
  },
  {
    "message": "📤 Broadcasting message to 1 groups using 1 accounts",
    "type": "info",
    "id": 3,
    "createdAt": "2026-01-25T22:31:48.557Z"
  },
  {
    "message": "🚀 Starting to join 1 groups with 30s-60s delay",
    "type": "info",
    "id": 4,
    "createdAt": "2026-01-27T00:44:33.086Z"
  },
  {
    "message": "🚀 Starting to join 1 groups with 30s-60s delay",
    "type": "info",
    "id": 5,
    "createdAt": "2026-01-27T00:44:39.511Z"
  },
  {
    "message": "📤 Broadcasting message to 1 groups using 1 accounts",
    "type": "info",
    "id": 6,
    "createdAt": "2026-01-27T00:45:06.661Z"
  },
  {
    "message": "📞 Account +18188350334 starting to join 1 groups...",
    "type": "info",
    "accountId": 1,
    "id": 7,
    "createdAt": "2026-01-27T00:47:19.785Z"
  },
  {
    "message": "Gruba katıldı - https://t.me/globalvoipdialers2026",
    "type": "success",
    "accountId": 1,
    "id": 8,
    "createdAt": "2026-01-27T00:47:20.175Z"
  },
  {
    "message": "📤 Broadcasting message to 1 groups using 1 accounts",
    "type": "info",
    "id": 9,
    "createdAt": "2026-01-27T00:47:31.949Z"
  },
  {
    "message": "📤 Account +18188350334 broadcasting to 1 groups...",
    "type": "info",
    "accountId": 1,
    "id": 10,
    "createdAt": "2026-01-27T00:49:32.608Z"
  },
  {
    "message": "❌ Hata: You're banned from sending messages in supergroups/channels (caused by SendMessageRequest) - https://t.me/globalvoipdialers2026",
    "type": "error",
    "accountId": 1,
    "id": 11,
    "createdAt": "2026-01-27T00:49:32.941Z"
  },
  {
    "message": "📤 Account +18188350334 broadcasting to 1 groups...",
    "type": "info",
    "accountId": 1,
    "id": 12,
    "createdAt": "2026-01-27T00:49:54.861Z"
  },
  {
    "message": "❌ Hata: You're banned from sending messages in supergroups/channels (caused by SendMessageRequest) - https://t.me/globalvoipdialers2026",
    "type": "error",
    "accountId": 1,
    "id": 13,
    "createdAt": "2026-01-27T00:49:55.193Z"
  },
  {
    "message": "📤 Account +18188350334 broadcasting to 1 groups...",
    "type": "info",
    "accountId": 1,
    "id": 14,
    "createdAt": "2026-01-27T00:51:14.910Z"
  },
  {
    "message": "❌ Bu grupta mesaj gönderme izniniz yok - https://t.me/starfraudgroupchat",
    "type": "error",
    "accountId": 1,
    "id": 15,
    "createdAt": "2026-01-27T00:51:15.254Z"
  },
  {
    "message": "📞 Account +18188350334 starting to join 1 groups...",
    "type": "info",
    "accountId": 1,
    "id": 16,
    "createdAt": "2026-01-27T00:52:16.897Z"
  },
  {
    "message": "❌ Hata: You have successfully requested to join this chat or channel (caused by JoinChannelRequest) - https://t.me/starfraudgroupchat",
    "type": "error",
    "accountId": 1,
    "id": 17,
    "createdAt": "2026-01-27T00:52:17.083Z"
  },
  {
    "message": "📞 Account +18188350334 starting to join 1 groups...",
    "type": "info",
    "accountId": 1,
    "id": 18,
    "createdAt": "2026-01-27T00:52:29.316Z"
  },
  {
    "message": "Gruba katıldı - https://t.me/magnusbillingusa",
    "type": "success",
    "accountId": 1,
    "id": 19,
    "createdAt": "2026-01-27T00:52:29.886Z"
  },
  {
    "message": "📤 Account +18188350334 broadcasting to 288 groups...",
    "type": "info",
    "accountId": 1,
    "id": 20,
    "createdAt": "2026-01-27T01:20:34.452Z"
  },
  {
    "message": "❌ Account +18188350334: [object Object],[object Object],[object Object],[object Object],[object Object],[object Object],[object Object],[object Object],[object Object],[object Object],[object Object],[object Object],[object Object],[object Object],[object Object],[object Object],[object Object],[object Object],[object Object],[object Object],[object Object],[object Object],[object Object],[object Object],[object Object],[object Object],[object Object],[object Object],[object Object],[object Object],[object Object],[object Object],[object Object],[object Object],[object Object],[object Object],[object Object],[object Object],[object Object],[object Object],[object Object],[object Object],[object Object],[object Object],[object Object],[object Object],[object Object],[object Object],[object Object],[object Object],[object Object],[object Object],[object Object],[object Object],[object Object],[object Object],[object Object],[object Object],[object Object],[object Object],[object Object],[object Object],[object Object],[object Object],[object Object],[object Object],[object Object],[object Object],[object Object],[object Object],[object Object],[object Object],[object Object],[object Object],[object Object],[object Object],[object Object],[object Object],[object Object],[object Object],[object Object],[object Object],[object Object],[object Object],[object Object],[object Object],[object Object],[object Object],[object Object],[object Object],[object Object],[object Object],[object Object],[object Object],[object Object],[object Object]",
    "type": "error",
    "accountId": 1,
    "id": 21,
    "createdAt": "2026-01-27T01:20:34.458Z"
  },
  {
    "message": "Imported 96 groups for account +18188350334",
    "type": "success",
    "operation": "import",
    "accountId": 1,
    "id": 22,
    "createdAt": "2026-01-27T20:32:12.371Z"
  },
  {
    "message": "Imported 96 groups for account +18188350334",
    "type": "success",
    "operation": "import",
    "accountId": 1,
    "id": 23,
    "createdAt": "2026-01-27T20:47:04.033Z"
  },
  {
    "message": "Imported 94 groups for account +447723907314",
    "type": "success",
    "operation": "import",
    "accountId": 2,
    "id": 24,
    "createdAt": "2026-01-27T20:50:24.077Z"
  },
  {
    "message": "📤 Account +447723907314 broadcasting to 1 groups...",
    "type": "info",
    "accountId": 2,
    "id": 25,
    "createdAt": "2026-01-27T20:52:26.578Z"
  },
  {
    "message": "✅ Mesaj gönderildi - Star chat",
    "type": "success",
    "accountId": 2,
    "id": 26,
    "createdAt": "2026-01-27T20:52:27.041Z"
  },
  {
    "message": "📤 Account +447723907314 broadcasting to 94 groups...",
    "type": "info",
    "accountId": 2,
    "id": 27,
    "createdAt": "2026-01-27T21:10:43.506Z"
  },
  {
    "message": "❌ Account +447723907314: fetch failed",
    "type": "error",
    "accountId": 2,
    "id": 28,
    "createdAt": "2026-01-27T21:15:47.694Z"
  },
  {
    "message": "Imported 34 groups for account +15813854077",
    "type": "success",
    "operation": "import",
    "accountId": 3,
    "id": 29,
    "createdAt": "2026-01-27T21:34:35.233Z"
  },
  {
    "message": "📤 Account +15813854077 broadcasting to 34 groups...",
    "type": "info",
    "accountId": 3,
    "id": 30,
    "createdAt": "2026-01-27T21:34:54.807Z"
  },
  {
    "message": "❌ Account +15813854077: fetch failed",
    "type": "error",
    "accountId": 3,
    "id": 31,
    "createdAt": "2026-01-27T21:39:58.922Z"
  },
  {
    "message": "📞 Account +15813854077 starting to join 1 groups...",
    "type": "info",
    "accountId": 3,
    "id": 32,
    "createdAt": "2026-01-27T22:05:04.461Z"
  },
  {
    "message": "Gruba katıldı - https://t.me/globalvoipdialers2026",
    "type": "success",
    "accountId": 3,
    "id": 33,
    "createdAt": "2026-01-27T22:05:04.867Z"
  },
  {
    "message": "📞 Account +15813854077 starting to join 1 groups...",
    "type": "info",
    "accountId": 3,
    "id": 34,
    "createdAt": "2026-01-27T22:05:28.291Z"
  },
  {
    "message": "Gruba katıldı - https://t.me/temphood",
    "type": "success",
    "accountId": 3,
    "id": 35,
    "createdAt": "2026-01-27T22:05:28.915Z"
  }
]